decision_classes,result
3,0.861221
3,0.861221
3,0.841221
3,0.8611
3,0.861221
4,0.861221
4,0.851221
4,0.841221
4,0.84121
4,0.84121
5,0.82121
5,0.82121
5,0.81121
6,0.80121
6,0.80121
6,0.80121
7,0.76101
7,0.76101
8,0.74512
8,0.74512
8,0.74512
9,0.7100
9,0.7100
9,0.6900
9,0.7000